"target","mbar","lb","ub","method"
"first",NA,-0.0605400701685613,-0.0219909956814362,"Original"
"first",0,-0.0604419896144533,-0.0222473772847988,"C-LF"
"first",0.25,-0.0631983018444283,-0.0194910650548237,"C-LF"
"first",0.5,-0.0675296496343892,-0.0159472350448558,"C-LF"
"first",0.75,-0.0730422740943393,-0.0104346105849056,"C-LF"
"first",1,-0.0801299341142752,-0.00374070945496616,"C-LF"
"first",1.25,-0.0876113530242075,0.00374070945496616,"C-LF"
"first",1.5,-0.0950927719341399,0.0112221283648985,"C-LF"
"first",1.75,-0.102967949734069,0.0190973061648273,"C-LF"
"first",2,-0.110843127533997,0.026972483964756,"C-LF"
"average",NA,-0.105938039563018,-0.0500833383227581,"Original"
"average",0,-0.105262218776285,-0.0510621603277913,"C-LF"
"average",0.25,-0.1132495958108,-0.0379400409139455,"C-LF"
"average",0.5,-0.131506457603977,-0.0179715983276584,"C-LF"
"average",0.75,-0.153757007914411,0.00542000584484936,"C-LF"
"average",1,-0.177148612086919,0.0288116100173572,"C-LF"
"average",1.25,-0.201110743190463,0.0533442680519385,"C-LF"
"average",1.5,-0.225072874294008,0.077306399155483,"C-LF"
"average",1.75,-0.249605532328589,0.101839057190064,"C-LF"
"average",2,-0.273567663432134,0.125801188293609,"C-LF"
